,date,Time,LST,date_modis,anomalia
0,2003-01-01 00:00:00,00:00:00,20.567,1,10.9791470231
1,2003-01-09 00:00:00,00:00:00,22.608,9,13.0201470231
2,2003-01-17 00:00:00,00:00:00,18.598,17,9.0101470231
3,2003-01-25 00:00:00,00:00:00,22.803,25,13.2151470231
4,2003-02-02 00:00:00,00:00:00,22.3,33,12.7121470231
5,2003-02-10 00:00:00,00:00:00,21.914,41,12.3261470231
6,2003-02-18 00:00:00,00:00:00,19.974,49,10.3861470231
7,2003-02-26 00:00:00,00:00:00,21.312,57,11.7241470231
8,2003-03-06 00:00:00,00:00:00,19.953,65,10.3651470231
9,2003-03-14 00:00:00,00:00:00,20.155,73,10.5671470231
10,2003-03-22 00:00:00,00:00:00,17.486,81,7.8981470231
11,2003-03-30 00:00:00,00:00:00,15.504,89,5.9161470231
12,2003-04-07 00:00:00,00:00:00,15.759,97,6.1711470231
13,2003-04-15 00:00:00,00:00:00,8.398,105,-1.1898529769
14,2003-04-23 00:00:00,00:00:00,8.74,113,-0.8478529769
15,2003-05-01 00:00:00,00:00:00,8.612,121,-0.9758529769
16,2003-05-09 00:00:00,00:00:00,5.263,129,-4.3248529769
17,2003-05-17 00:00:00,00:00:00,-4.336,137,-13.9238529769
18,2003-05-25 00:00:00,00:00:00,-6.986,145,-16.5738529769
19,2003-06-02 00:00:00,00:00:00,-8.708,153,-18.2958529769
20,2003-06-10 00:00:00,00:00:00,-12.224,161,-21.8118529769
21,2003-06-18 00:00:00,00:00:00,-5.13,169,-14.7178529769
22,2003-06-26 00:00:00,00:00:00,-3.883,177,-13.4708529769
23,2003-07-04 00:00:00,00:00:00,-12.197,185,-21.7848529769
24,2003-07-12 00:00:00,00:00:00,-9.28,193,-18.8678529769
25,2003-07-20 00:00:00,00:00:00,-11.452,201,-21.0398529769
26,2003-07-28 00:00:00,00:00:00,-6.655,209,-16.2428529769
27,2003-08-05 00:00:00,00:00:00,-5.365,217,-14.9528529769
28,2003-08-13 00:00:00,00:00:00,-2.154,225,-11.7418529769
29,2003-08-21 00:00:00,00:00:00,-1.218,233,-10.8058529769
30,2003-08-29 00:00:00,00:00:00,3.567,241,-6.0208529769
31,2003-09-06 00:00:00,00:00:00,0.691,249,-8.8968529769
32,2003-09-14 00:00:00,00:00:00,6.246,257,-3.3418529769
33,2003-09-22 00:00:00,00:00:00,3.708,265,-5.8798529769
34,2003-09-30 00:00:00,00:00:00,8.167,273,-1.4208529769
35,2003-10-08 00:00:00,00:00:00,14.809,281,5.2211470231
36,2003-10-16 00:00:00,00:00:00,13.502,289,3.9141470231
37,2003-10-24 00:00:00,00:00:00,16.931,297,7.3431470231
38,2003-11-01 00:00:00,00:00:00,15.642,305,6.0541470231
39,2003-11-09 00:00:00,00:00:00,17.756,313,8.1681470231
40,2003-11-17 00:00:00,00:00:00,15.838,321,6.2501470231
41,2003-11-25 00:00:00,00:00:00,18.528,329,8.9401470231
42,2003-12-03 00:00:00,00:00:00,18.77,337,9.1821470231
43,2003-12-11 00:00:00,00:00:00,19.911,345,10.3231470231
44,2003-12-19 00:00:00,00:00:00,26.185,353,16.5971470231
45,2003-12-27 00:00:00,00:00:00,24.637,361,15.0491470231
46,2004-01-01 00:00:00,00:00:00,26.219,1,16.6311470231
47,2004-01-09 00:00:00,00:00:00,27.34,9,17.7521470231
48,2004-01-17 00:00:00,00:00:00,23.844,17,14.2561470231
49,2004-01-25 00:00:00,00:00:00,24.979,25,15.3911470231
50,2004-02-02 00:00:00,00:00:00,24.113,33,14.5251470231
51,2004-02-10 00:00:00,00:00:00,22.541,41,12.9531470231
52,2004-02-18 00:00:00,00:00:00,22.142,49,12.5541470231
53,2004-02-26 00:00:00,00:00:00,20.745,57,11.1571470231
54,2004-03-05 00:00:00,00:00:00,20.325,65,10.7371470231
55,2004-03-13 00:00:00,00:00:00,20.743,73,11.1551470231
56,2004-03-21 00:00:00,00:00:00,20.784,81,11.1961470231
57,2004-03-29 00:00:00,00:00:00,15.202,89,5.6141470231
58,2004-04-06 00:00:00,00:00:00,15.917,97,6.3291470231
59,2004-04-14 00:00:00,00:00:00,11.665,105,2.0771470231
60,2004-04-22 00:00:00,00:00:00,4.083,113,-5.5048529769
61,2004-04-30 00:00:00,00:00:00,7.101,121,-2.4868529769
62,2004-05-08 00:00:00,00:00:00,4.983,129,-4.6048529769
63,2004-05-16 00:00:00,00:00:00,2.559,137,-7.0288529769
64,2004-05-24 00:00:00,00:00:00,-1.161,145,-10.7488529769
65,2004-06-01 00:00:00,00:00:00,-0.992,153,-10.5798529769
66,2004-06-09 00:00:00,00:00:00,-10.733,161,-20.3208529769
67,2004-06-17 00:00:00,00:00:00,-13.066,169,-22.6538529769
68,2004-06-25 00:00:00,00:00:00,-6.124,177,-15.7118529769
69,2004-07-03 00:00:00,00:00:00,-1.054,185,-10.6418529769
70,2004-07-11 00:00:00,00:00:00,-9.916,193,-19.5038529769
71,2004-07-19 00:00:00,00:00:00,-12.295,201,-21.8828529769
72,2004-07-27 00:00:00,00:00:00,-6.366,209,-15.9538529769
73,2004-08-04 00:00:00,00:00:00,-7.761,217,-17.3488529769
74,2004-08-12 00:00:00,00:00:00,-6.305,225,-15.8928529769
75,2004-08-20 00:00:00,00:00:00,-1.952,233,-11.5398529769
76,2004-08-28 00:00:00,00:00:00,6.74,241,-2.8478529769
77,2004-09-05 00:00:00,00:00:00,-1.036,249,-10.6238529769
78,2004-09-13 00:00:00,00:00:00,8.943,257,-0.6448529769
79,2004-09-21 00:00:00,00:00:00,9.914,265,0.3261470231
80,2004-09-29 00:00:00,00:00:00,12.277,273,2.6891470231
81,2004-10-07 00:00:00,00:00:00,6.686,281,-2.9018529769
82,2004-10-15 00:00:00,00:00:00,13.055,289,3.4671470231
83,2004-10-23 00:00:00,00:00:00,7.947,297,-1.6408529769
84,2004-10-31 00:00:00,00:00:00,14.416,305,4.8281470231
85,2004-11-08 00:00:00,00:00:00,12.998,313,3.4101470231
86,2004-11-16 00:00:00,00:00:00,11.991,321,2.4031470231
87,2004-11-24 00:00:00,00:00:00,18.983,329,9.3951470231
88,2004-12-02 00:00:00,00:00:00,20.073,337,10.4851470231
89,2004-12-10 00:00:00,00:00:00,21.306,345,11.7181470231
90,2004-12-18 00:00:00,00:00:00,23.37,353,13.7821470231
91,2004-12-26 00:00:00,00:00:00,24.902,361,15.3141470231
92,2005-01-01 00:00:00,00:00:00,27.037,1,17.4491470231
93,2005-01-09 00:00:00,00:00:00,26.329,9,16.7411470231
94,2005-01-17 00:00:00,00:00:00,24.944,17,15.3561470231
95,2005-01-25 00:00:00,00:00:00,21.258,25,11.6701470231
96,2005-02-02 00:00:00,00:00:00,24.046,33,14.4581470231
97,2005-02-10 00:00:00,00:00:00,24.11,41,14.5221470231
98,2005-02-18 00:00:00,00:00:00,23.652,49,14.0641470231
99,2005-02-26 00:00:00,00:00:00,23.965,57,14.3771470231
100,2005-03-06 00:00:00,00:00:00,18.516,65,8.9281470231
101,2005-03-14 00:00:00,00:00:00,15.073,73,5.4851470231
102,2005-03-22 00:00:00,00:00:00,14.987,81,5.3991470231
103,2005-03-30 00:00:00,00:00:00,12.788,89,3.2001470231
104,2005-04-07 00:00:00,00:00:00,11.36,97,1.7721470231
105,2005-04-15 00:00:00,00:00:00,11.536,105,1.9481470231
106,2005-04-23 00:00:00,00:00:00,1.175,113,-8.4128529769
107,2005-05-01 00:00:00,00:00:00,-0.587,121,-10.1748529769
108,2005-05-09 00:00:00,00:00:00,-10.94,129,-20.5278529769
109,2005-05-17 00:00:00,00:00:00,-12.053,137,-21.6408529769
110,2005-05-25 00:00:00,00:00:00,-7.686,145,-17.2738529769
111,2005-06-02 00:00:00,00:00:00,-3.189,153,-12.7768529769
112,2005-06-10 00:00:00,00:00:00,-11.537,161,-21.1248529769
113,2005-06-18 00:00:00,00:00:00,-9.105,169,-18.6928529769
114,2005-06-26 00:00:00,00:00:00,-12.014,177,-21.6018529769
115,2005-07-04 00:00:00,00:00:00,-11.882,185,-21.4698529769
116,2005-07-12 00:00:00,00:00:00,-11.321,193,-20.9088529769
117,2005-07-20 00:00:00,00:00:00,-10.209,201,-19.7968529769
118,2005-07-28 00:00:00,00:00:00,-14.521,209,-24.1088529769
119,2005-08-05 00:00:00,00:00:00,-4.907,217,-14.4948529769
120,2005-08-13 00:00:00,00:00:00,-4.287,225,-13.8748529769
121,2005-08-21 00:00:00,00:00:00,-8.181,233,-17.7688529769
122,2005-08-29 00:00:00,00:00:00,-13.75,241,-23.3378529769
123,2005-09-06 00:00:00,00:00:00,-8.542,249,-18.1298529769
124,2005-09-14 00:00:00,00:00:00,-5.225,257,-14.8128529769
125,2005-09-22 00:00:00,00:00:00,-1.843,265,-11.4308529769
126,2005-09-30 00:00:00,00:00:00,-1.876,273,-11.4638529769
127,2005-10-08 00:00:00,00:00:00,5.31,281,-4.2778529769
128,2005-10-16 00:00:00,00:00:00,8.062,289,-1.5258529769
129,2005-10-24 00:00:00,00:00:00,6.699,297,-2.8888529769
130,2005-11-01 00:00:00,00:00:00,10.181,305,0.5931470231
131,2005-11-09 00:00:00,00:00:00,13.602,313,4.0141470231
132,2005-11-17 00:00:00,00:00:00,12.983,321,3.3951470231
133,2005-11-25 00:00:00,00:00:00,14.678,329,5.0901470231
134,2005-12-03 00:00:00,00:00:00,15.909,337,6.3211470231
135,2005-12-11 00:00:00,00:00:00,19.959,345,10.3711470231
136,2005-12-19 00:00:00,00:00:00,19.953,353,10.3651470231
137,2005-12-27 00:00:00,00:00:00,19.83,361,10.2421470231
138,2006-01-01 00:00:00,00:00:00,23.205,1,13.6171470231
139,2006-01-09 00:00:00,00:00:00,23.925,9,14.3371470231
140,2006-01-17 00:00:00,00:00:00,23.51,17,13.9221470231
141,2006-01-25 00:00:00,00:00:00,25.249,25,15.6611470231
142,2006-02-02 00:00:00,00:00:00,24.665,33,15.0771470231
143,2006-02-10 00:00:00,00:00:00,23.376,41,13.7881470231
144,2006-02-18 00:00:00,00:00:00,22.509,49,12.9211470231
145,2006-02-26 00:00:00,00:00:00,18.733,57,9.1451470231
146,2006-03-06 00:00:00,00:00:00,19.918,65,10.3301470231
147,2006-03-14 00:00:00,00:00:00,18.44,73,8.8521470231
148,2006-03-22 00:00:00,00:00:00,18.239,81,8.6511470231
149,2006-03-30 00:00:00,00:00:00,16.044,89,6.4561470231
150,2006-04-07 00:00:00,00:00:00,13.492,97,3.9041470231
151,2006-04-15 00:00:00,00:00:00,13.469,105,3.8811470231
152,2006-04-23 00:00:00,00:00:00,14.849,113,5.2611470231
153,2006-05-01 00:00:00,00:00:00,11.623,121,2.0351470231
154,2006-05-09 00:00:00,00:00:00,10.322,129,0.7341470231
155,2006-05-17 00:00:00,00:00:00,3.674,137,-5.9138529769
156,2006-05-25 00:00:00,00:00:00,3.16,145,-6.4278529769
157,2006-06-02 00:00:00,00:00:00,-8.759,153,-18.3468529769
158,2006-06-10 00:00:00,00:00:00,-7.15,161,-16.7378529769
159,2006-06-18 00:00:00,00:00:00,-5.023,169,-14.6108529769
160,2006-06-26 00:00:00,00:00:00,-2.678,177,-12.2658529769
161,2006-07-04 00:00:00,00:00:00,-2.104,185,-11.6918529769
162,2006-07-12 00:00:00,00:00:00,-5.524,193,-15.1118529769
163,2006-07-20 00:00:00,00:00:00,-11.166,201,-20.7538529769
164,2006-07-28 00:00:00,00:00:00,-12.752,209,-22.3398529769
165,2006-08-05 00:00:00,00:00:00,-12.464,217,-22.0518529769
166,2006-08-13 00:00:00,00:00:00,-7.31,225,-16.8978529769
167,2006-08-21 00:00:00,00:00:00,-3.248,233,-12.8358529769
168,2006-08-29 00:00:00,00:00:00,-6.956,241,-16.5438529769
169,2006-09-06 00:00:00,00:00:00,-4.442,249,-14.0298529769
170,2006-09-14 00:00:00,00:00:00,-0.373,257,-9.9608529769
171,2006-09-22 00:00:00,00:00:00,4.132,265,-5.4558529769
172,2006-09-30 00:00:00,00:00:00,7.319,273,-2.2688529769
173,2006-10-08 00:00:00,00:00:00,7.556,281,-2.0318529769
174,2006-10-16 00:00:00,00:00:00,9.796,289,0.2081470231
175,2006-10-24 00:00:00,00:00:00,9.158,297,-0.4298529769
176,2006-11-01 00:00:00,00:00:00,12.317,305,2.7291470231
177,2006-11-09 00:00:00,00:00:00,15.832,313,6.2441470231
178,2006-11-17 00:00:00,00:00:00,17.956,321,8.3681470231
179,2006-11-25 00:00:00,00:00:00,17.433,329,7.8451470231
180,2006-12-03 00:00:00,00:00:00,20.253,337,10.6651470231
181,2006-12-11 00:00:00,00:00:00,17.845,345,8.2571470231
182,2006-12-19 00:00:00,00:00:00,21.874,353,12.2861470231
183,2006-12-27 00:00:00,00:00:00,25.839,361,16.2511470231
184,2007-01-01 00:00:00,00:00:00,24.613,1,15.0251470231
185,2007-01-09 00:00:00,00:00:00,26.458,9,16.8701470231
186,2007-01-17 00:00:00,00:00:00,22.14,17,12.5521470231
187,2007-01-25 00:00:00,00:00:00,21.575,25,11.9871470231
188,2007-02-02 00:00:00,00:00:00,21.992,33,12.4041470231
189,2007-02-10 00:00:00,00:00:00,22.479,41,12.8911470231
190,2007-02-18 00:00:00,00:00:00,19.806,49,10.2181470231
191,2007-02-26 00:00:00,00:00:00,20.55,57,10.9621470231
192,2007-03-06 00:00:00,00:00:00,20.539,65,10.9511470231
193,2007-03-14 00:00:00,00:00:00,20.601,73,11.0131470231
194,2007-03-22 00:00:00,00:00:00,17.86,81,8.2721470231
195,2007-03-30 00:00:00,00:00:00,14.708,89,5.1201470231
196,2007-04-07 00:00:00,00:00:00,14.051,97,4.4631470231
197,2007-04-15 00:00:00,00:00:00,11.868,105,2.2801470231
198,2007-04-23 00:00:00,00:00:00,10.384,113,0.7961470231
199,2007-05-01 00:00:00,00:00:00,5.79,121,-3.7978529769
200,2007-05-09 00:00:00,00:00:00,5.934,129,-3.6538529769
201,2007-05-17 00:00:00,00:00:00,-5.013,137,-14.6008529769
202,2007-05-25 00:00:00,00:00:00,-7.043,145,-16.6308529769
203,2007-06-02 00:00:00,00:00:00,-8.011,153,-17.5988529769
204,2007-06-10 00:00:00,00:00:00,-13.637,161,-23.2248529769
205,2007-06-18 00:00:00,00:00:00,-14.017,169,-23.6048529769
206,2007-06-26 00:00:00,00:00:00,-7.228,177,-16.8158529769
207,2007-07-04 00:00:00,00:00:00,-15.844,185,-25.4318529769
208,2007-07-12 00:00:00,00:00:00,-13.597,193,-23.1848529769
209,2007-07-20 00:00:00,00:00:00,-13.648,201,-23.2358529769
210,2007-07-28 00:00:00,00:00:00,-12.069,209,-21.6568529769
211,2007-08-05 00:00:00,00:00:00,-10.879,217,-20.4668529769
212,2007-08-13 00:00:00,00:00:00,-11.301,225,-20.8888529769
213,2007-08-21 00:00:00,00:00:00,-9.69,233,-19.2778529769
214,2007-08-29 00:00:00,00:00:00,-2.115,241,-11.7028529769
215,2007-09-06 00:00:00,00:00:00,1.048,249,-8.5398529769
216,2007-09-14 00:00:00,00:00:00,-1.413,257,-11.0008529769
217,2007-09-22 00:00:00,00:00:00,4.033,265,-5.5548529769
218,2007-09-30 00:00:00,00:00:00,8.637,273,-0.9508529769
219,2007-10-08 00:00:00,00:00:00,4.674,281,-4.9138529769
220,2007-10-16 00:00:00,00:00:00,11.305,289,1.7171470231
221,2007-10-24 00:00:00,00:00:00,14.443,297,4.8551470231
222,2007-11-01 00:00:00,00:00:00,16.714,305,7.1261470231
223,2007-11-09 00:00:00,00:00:00,16.093,313,6.5051470231
224,2007-11-17 00:00:00,00:00:00,20.315,321,10.7271470231
225,2007-11-25 00:00:00,00:00:00,22.157,329,12.5691470231
226,2007-12-03 00:00:00,00:00:00,19.707,337,10.1191470231
227,2007-12-11 00:00:00,00:00:00,25.473,345,15.8851470231
228,2007-12-19 00:00:00,00:00:00,26.563,353,16.9751470231
229,2007-12-27 00:00:00,00:00:00,24.279,361,14.6911470231
230,2008-01-01 00:00:00,00:00:00,27.02,1,17.4321470231
231,2008-01-09 00:00:00,00:00:00,27.285,9,17.6971470231
232,2008-01-17 00:00:00,00:00:00,24.572,17,14.9841470231
233,2008-01-25 00:00:00,00:00:00,21.575,25,11.9871470231
234,2008-02-02 00:00:00,00:00:00,20.718,33,11.1301470231
235,2008-02-10 00:00:00,00:00:00,22.144,41,12.5561470231
236,2008-02-18 00:00:00,00:00:00,20.921,49,11.3331470231
237,2008-02-26 00:00:00,00:00:00,18.745,57,9.1571470231
238,2008-03-05 00:00:00,00:00:00,16.038,65,6.4501470231
239,2008-03-13 00:00:00,00:00:00,18.742,73,9.1541470231
240,2008-03-21 00:00:00,00:00:00,18.024,81,8.4361470231
241,2008-03-29 00:00:00,00:00:00,16.178,89,6.5901470231
242,2008-04-06 00:00:00,00:00:00,13.799,97,4.2111470231
243,2008-04-14 00:00:00,00:00:00,13.426,105,3.8381470231
244,2008-04-22 00:00:00,00:00:00,11.544,113,1.9561470231
245,2008-04-30 00:00:00,00:00:00,-0.445,121,-10.0328529769
246,2008-05-08 00:00:00,00:00:00,1.564,129,-8.0238529769
247,2008-05-16 00:00:00,00:00:00,7.28,137,-2.3078529769
248,2008-05-24 00:00:00,00:00:00,-15.194,145,-24.7818529769
249,2008-06-01 00:00:00,00:00:00,-10.439,153,-20.0268529769
250,2008-06-09 00:00:00,00:00:00,-9.609,161,-19.1968529769
251,2008-06-17 00:00:00,00:00:00,-12.573,169,-22.1608529769
252,2008-06-25 00:00:00,00:00:00,-7.24,177,-16.8278529769
253,2008-07-03 00:00:00,00:00:00,-7.442,185,-17.0298529769
254,2008-07-11 00:00:00,00:00:00,-5.778,193,-15.3658529769
255,2008-07-19 00:00:00,00:00:00,-17.44,201,-27.0278529769
256,2008-07-27 00:00:00,00:00:00,-10.472,209,-20.0598529769
257,2008-08-04 00:00:00,00:00:00,-9.462,217,-19.0498529769
258,2008-08-12 00:00:00,00:00:00,-12.645,225,-22.2328529769
259,2008-08-20 00:00:00,00:00:00,-8.637,233,-18.2248529769
260,2008-08-28 00:00:00,00:00:00,-8.838,241,-18.4258529769
261,2008-09-05 00:00:00,00:00:00,-7.842,249,-17.4298529769
262,2008-09-13 00:00:00,00:00:00,-0.032,257,-9.6198529769
263,2008-09-21 00:00:00,00:00:00,4.09,265,-5.4978529769
264,2008-09-29 00:00:00,00:00:00,4.333,273,-5.2548529769
265,2008-10-07 00:00:00,00:00:00,7.594,281,-1.9938529769
266,2008-10-15 00:00:00,00:00:00,9.233,289,-0.3548529769
267,2008-10-23 00:00:00,00:00:00,11.095,297,1.5071470231
268,2008-10-31 00:00:00,00:00:00,13.552,305,3.9641470231
269,2008-11-08 00:00:00,00:00:00,17.717,313,8.1291470231
270,2008-11-16 00:00:00,00:00:00,19.079,321,9.4911470231
271,2008-11-24 00:00:00,00:00:00,20.009,329,10.4211470231
272,2008-12-02 00:00:00,00:00:00,19.407,337,9.8191470231
273,2008-12-10 00:00:00,00:00:00,22.858,345,13.2701470231
274,2008-12-18 00:00:00,00:00:00,24.011,353,14.4231470231
275,2008-12-26 00:00:00,00:00:00,23.424,361,13.8361470231
276,2009-01-01 00:00:00,00:00:00,23.341,1,13.7531470231
277,2009-01-09 00:00:00,00:00:00,25.444,9,15.8561470231
278,2009-01-17 00:00:00,00:00:00,22.934,17,13.3461470231
279,2009-01-25 00:00:00,00:00:00,26.159,25,16.5711470231
280,2009-02-02 00:00:00,00:00:00,22.865,33,13.2771470231
281,2009-02-10 00:00:00,00:00:00,23.652,41,14.0641470231
282,2009-02-18 00:00:00,00:00:00,22.098,49,12.5101470231
283,2009-02-26 00:00:00,00:00:00,20.228,57,10.6401470231
284,2009-03-06 00:00:00,00:00:00,21.186,65,11.5981470231
285,2009-03-14 00:00:00,00:00:00,21.137,73,11.5491470231
286,2009-03-22 00:00:00,00:00:00,18.786,81,9.1981470231
287,2009-03-30 00:00:00,00:00:00,17.24,89,7.6521470231
288,2009-04-07 00:00:00,00:00:00,18.543,97,8.9551470231
289,2009-04-15 00:00:00,00:00:00,16.679,105,7.0911470231
290,2009-04-23 00:00:00,00:00:00,12.98,113,3.3921470231
291,2009-05-01 00:00:00,00:00:00,10.829,121,1.2411470231
292,2009-05-09 00:00:00,00:00:00,5.039,129,-4.5488529769
293,2009-05-17 00:00:00,00:00:00,3.778,137,-5.8098529769
294,2009-05-25 00:00:00,00:00:00,-3.082,145,-12.6698529769
295,2009-06-02 00:00:00,00:00:00,-0.658,153,-10.2458529769
296,2009-06-10 00:00:00,00:00:00,0.883,161,-8.7048529769
297,2009-06-18 00:00:00,00:00:00,-14.043,169,-23.6308529769
298,2009-06-26 00:00:00,00:00:00,-14.704,177,-24.2918529769
299,2009-07-04 00:00:00,00:00:00,-10.926,185,-20.5138529769
300,2009-07-12 00:00:00,00:00:00,-9.283,193,-18.8708529769
301,2009-07-20 00:00:00,00:00:00,-14.445,201,-24.0328529769
302,2009-07-28 00:00:00,00:00:00,-9.224,209,-18.8118529769
303,2009-08-05 00:00:00,00:00:00,-6.519,217,-16.1068529769
304,2009-08-13 00:00:00,00:00:00,-16.896,225,-26.4838529769
305,2009-08-21 00:00:00,00:00:00,-5.945,233,-15.5328529769
306,2009-08-29 00:00:00,00:00:00,-6.061,241,-15.6488529769
307,2009-09-06 00:00:00,00:00:00,-9.551,249,-19.1388529769
308,2009-09-14 00:00:00,00:00:00,-1.452,257,-11.0398529769
309,2009-09-22 00:00:00,00:00:00,-0.98,265,-10.5678529769
310,2009-09-30 00:00:00,00:00:00,1.651,273,-7.9368529769
311,2009-10-08 00:00:00,00:00:00,2.057,281,-7.5308529769
312,2009-10-16 00:00:00,00:00:00,2.562,289,-7.0258529769
313,2009-10-24 00:00:00,00:00:00,10.597,297,1.0091470231
314,2009-11-01 00:00:00,00:00:00,8.637,305,-0.9508529769
315,2009-11-09 00:00:00,00:00:00,12.503,313,2.9151470231
316,2009-11-17 00:00:00,00:00:00,20.602,321,11.0141470231
317,2009-11-25 00:00:00,00:00:00,17.089,329,7.5011470231
318,2009-12-03 00:00:00,00:00:00,16.812,337,7.2241470231
319,2009-12-11 00:00:00,00:00:00,21.459,345,11.8711470231
320,2009-12-19 00:00:00,00:00:00,21.268,353,11.6801470231
321,2009-12-27 00:00:00,00:00:00,21.424,361,11.8361470231
322,2010-01-01 00:00:00,00:00:00,23.894,1,14.3061470231
323,2010-01-09 00:00:00,00:00:00,23.777,9,14.1891470231
324,2010-01-17 00:00:00,00:00:00,26.376,17,16.7881470231
325,2010-01-25 00:00:00,00:00:00,25.882,25,16.2941470231
326,2010-02-02 00:00:00,00:00:00,22.779,33,13.1911470231
327,2010-02-10 00:00:00,00:00:00,23.466,41,13.8781470231
328,2010-02-18 00:00:00,00:00:00,22.938,49,13.3501470231
329,2010-02-26 00:00:00,00:00:00,20.015,57,10.4271470231
330,2010-03-06 00:00:00,00:00:00,22.582,65,12.9941470231
331,2010-03-14 00:00:00,00:00:00,19.236,73,9.6481470231
332,2010-03-22 00:00:00,00:00:00,19.235,81,9.6471470231
333,2010-03-30 00:00:00,00:00:00,18.019,89,8.4311470231
334,2010-04-07 00:00:00,00:00:00,16.117,97,6.5291470231
335,2010-04-15 00:00:00,00:00:00,9.061,105,-0.5268529769
336,2010-04-23 00:00:00,00:00:00,6.658,113,-2.9298529769
337,2010-05-01 00:00:00,00:00:00,7.534,121,-2.0538529769
338,2010-05-09 00:00:00,00:00:00,10.814,129,1.2261470231
339,2010-05-17 00:00:00,00:00:00,7.352,137,-2.2358529769
340,2010-05-25 00:00:00,00:00:00,6.874,145,-2.7138529769
341,2010-06-02 00:00:00,00:00:00,-2.665,153,-12.2528529769
342,2010-06-10 00:00:00,00:00:00,0.572,161,-9.0158529769
343,2010-06-18 00:00:00,00:00:00,-14.782,169,-24.3698529769
344,2010-06-26 00:00:00,00:00:00,-8.247,177,-17.8348529769
345,2010-07-04 00:00:00,00:00:00,-8.024,185,-17.6118529769
346,2010-07-12 00:00:00,00:00:00,-13.553,193,-23.1408529769
347,2010-07-20 00:00:00,00:00:00,-14.263,201,-23.8508529769
348,2010-07-28 00:00:00,00:00:00,-12.422,209,-22.0098529769
349,2010-08-05 00:00:00,00:00:00,-9.086,217,-18.6738529769
350,2010-08-13 00:00:00,00:00:00,-2.043,225,-11.6308529769
351,2010-08-21 00:00:00,00:00:00,0.133,233,-9.4548529769
352,2010-08-29 00:00:00,00:00:00,0.111,241,-9.4768529769
353,2010-09-06 00:00:00,00:00:00,3.022,249,-6.5658529769
354,2010-09-14 00:00:00,00:00:00,7.653,257,-1.9348529769
355,2010-09-22 00:00:00,00:00:00,5.101,265,-4.4868529769
356,2010-09-30 00:00:00,00:00:00,10.484,273,0.8961470231
357,2010-10-08 00:00:00,00:00:00,15.12,281,5.5321470231
358,2010-10-16 00:00:00,00:00:00,14.774,289,5.1861470231
359,2010-10-24 00:00:00,00:00:00,15.764,297,6.1761470231
360,2010-11-01 00:00:00,00:00:00,21.532,305,11.9441470231
361,2010-11-09 00:00:00,00:00:00,15.83,313,6.2421470231
362,2010-11-17 00:00:00,00:00:00,17.258,321,7.6701470231
363,2010-11-25 00:00:00,00:00:00,21.896,329,12.3081470231
364,2010-12-03 00:00:00,00:00:00,21.992,337,12.4041470231
365,2010-12-11 00:00:00,00:00:00,22.368,345,12.7801470231
366,2010-12-19 00:00:00,00:00:00,26.095,353,16.5071470231
367,2010-12-27 00:00:00,00:00:00,24.005,361,14.4171470231
368,2011-01-01 00:00:00,00:00:00,22.666,1,13.0781470231
369,2011-01-09 00:00:00,00:00:00,24.21,9,14.6221470231
370,2011-01-17 00:00:00,00:00:00,26.247,17,16.6591470231
371,2011-01-25 00:00:00,00:00:00,24.979,25,15.3911470231
372,2011-02-02 00:00:00,00:00:00,25.346,33,15.7581470231
373,2011-02-10 00:00:00,00:00:00,21.082,41,11.4941470231
374,2011-02-18 00:00:00,00:00:00,21.776,49,12.1881470231
375,2011-02-26 00:00:00,00:00:00,23.177,57,13.5891470231
376,2011-03-06 00:00:00,00:00:00,20.374,65,10.7861470231
377,2011-03-14 00:00:00,00:00:00,19.067,73,9.4791470231
378,2011-03-22 00:00:00,00:00:00,16.851,81,7.2631470231
379,2011-03-30 00:00:00,00:00:00,17.133,89,7.5451470231
380,2011-04-07 00:00:00,00:00:00,16.025,97,6.4371470231
381,2011-04-15 00:00:00,00:00:00,11.019,105,1.4311470231
382,2011-04-23 00:00:00,00:00:00,9.536,113,-0.0518529769
383,2011-05-01 00:00:00,00:00:00,10.291,121,0.7031470231
384,2011-05-09 00:00:00,00:00:00,8.401,129,-1.1868529769
385,2011-05-17 00:00:00,00:00:00,6.159,137,-3.4288529769
386,2011-05-25 00:00:00,00:00:00,4.382,145,-5.2058529769
387,2011-06-02 00:00:00,00:00:00,2.349,153,-7.2388529769
388,2011-06-10 00:00:00,00:00:00,1.748,161,-7.8398529769
389,2011-06-18 00:00:00,00:00:00,-11.425,169,-21.0128529769
390,2011-06-26 00:00:00,00:00:00,-12.95,177,-22.5378529769
391,2011-07-04 00:00:00,00:00:00,-6.486,185,-16.0738529769
392,2011-07-12 00:00:00,00:00:00,-10.217,193,-19.8048529769
393,2011-07-20 00:00:00,00:00:00,-4.595,201,-14.1828529769
394,2011-07-28 00:00:00,00:00:00,-12.514,209,-22.1018529769
395,2011-08-05 00:00:00,00:00:00,-3.133,217,-12.7208529769
396,2011-08-13 00:00:00,00:00:00,-7.666,225,-17.2538529769
397,2011-08-20 00:00:00,00:00:00,-8.204,232,-17.7918529769
398,2011-08-29 00:00:00,00:00:00,-5.235,241,-14.8228529769
399,2011-09-06 00:00:00,00:00:00,1.124,249,-8.4638529769
400,2011-09-14 00:00:00,00:00:00,4.499,257,-5.0888529769
401,2011-09-22 00:00:00,00:00:00,7.221,265,-2.3668529769
402,2011-09-30 00:00:00,00:00:00,10.381,273,0.7931470231
403,2011-10-08 00:00:00,00:00:00,5.001,281,-4.5868529769
404,2011-10-16 00:00:00,00:00:00,11.848,289,2.2601470231
405,2011-10-24 00:00:00,00:00:00,13.17,297,3.5821470231
406,2011-11-01 00:00:00,00:00:00,17.337,305,7.7491470231
407,2011-11-09 00:00:00,00:00:00,16.828,313,7.2401470231
408,2011-11-17 00:00:00,00:00:00,18.972,321,9.3841470231
409,2011-11-25 00:00:00,00:00:00,24.38,329,14.7921470231
410,2011-12-03 00:00:00,00:00:00,21.945,337,12.3571470231
411,2011-12-11 00:00:00,00:00:00,25.456,345,15.8681470231
412,2011-12-19 00:00:00,00:00:00,25.863,353,16.2751470231
413,2011-12-27 00:00:00,00:00:00,28.404,361,18.8161470231
414,2012-01-01 00:00:00,00:00:00,27.38,1,17.7921470231
415,2012-01-09 00:00:00,00:00:00,24.484,9,14.8961470231
416,2012-01-17 00:00:00,00:00:00,23.589,17,14.0011470231
417,2012-01-25 00:00:00,00:00:00,25.649,25,16.0611470231
418,2012-02-02 00:00:00,00:00:00,26.094,33,16.5061470231
419,2012-02-10 00:00:00,00:00:00,24.99,41,15.4021470231
420,2012-02-18 00:00:00,00:00:00,23.422,49,13.8341470231
421,2012-02-26 00:00:00,00:00:00,21.962,57,12.3741470231
422,2012-03-05 00:00:00,00:00:00,22.862,65,13.2741470231
423,2012-03-13 00:00:00,00:00:00,22.661,73,13.0731470231
424,2012-03-21 00:00:00,00:00:00,18.765,81,9.1771470231
425,2012-03-29 00:00:00,00:00:00,18.859,89,9.2711470231
426,2012-04-06 00:00:00,00:00:00,15.569,97,5.9811470231
427,2012-04-14 00:00:00,00:00:00,7.538,105,-2.0498529769
428,2012-04-22 00:00:00,00:00:00,7.943,113,-1.6448529769
429,2012-04-30 00:00:00,00:00:00,3.143,121,-6.4448529769
430,2012-05-08 00:00:00,00:00:00,3.39,129,-6.1978529769
431,2012-05-16 00:00:00,00:00:00,0.65,137,-8.9378529769
432,2012-05-24 00:00:00,00:00:00,1.981,145,-7.6068529769
433,2012-06-01 00:00:00,00:00:00,-3.572,153,-13.1598529769
434,2012-06-09 00:00:00,00:00:00,-3.365,161,-12.9528529769
435,2012-06-17 00:00:00,00:00:00,-7.829,169,-17.4168529769
436,2012-06-25 00:00:00,00:00:00,-4.08,177,-13.6678529769
437,2012-07-03 00:00:00,00:00:00,-8.551,185,-18.1388529769
438,2012-07-11 00:00:00,00:00:00,-2.644,193,-12.2318529769
439,2012-07-19 00:00:00,00:00:00,-4.245,201,-13.8328529769
440,2012-07-27 00:00:00,00:00:00,-2.726,209,-12.3138529769
441,2012-08-04 00:00:00,00:00:00,-4.289,217,-13.8768529769
442,2012-08-12 00:00:00,00:00:00,-6.717,225,-16.3048529769
443,2012-08-20 00:00:00,00:00:00,-4.139,233,-13.7268529769
444,2012-08-28 00:00:00,00:00:00,5.299,241,-4.2888529769
445,2012-09-05 00:00:00,00:00:00,5.188,249,-4.3998529769
446,2012-09-13 00:00:00,00:00:00,6.865,257,-2.7228529769
447,2012-09-21 00:00:00,00:00:00,9.429,265,-0.1588529769
448,2012-09-29 00:00:00,00:00:00,8.709,273,-0.8788529769
449,2012-10-07 00:00:00,00:00:00,8.755,281,-0.8328529769
450,2012-10-15 00:00:00,00:00:00,11.255,289,1.6671470231
451,2012-10-23 00:00:00,00:00:00,8.039,297,-1.5488529769
452,2012-10-31 00:00:00,00:00:00,17.433,305,7.8451470231
453,2012-11-08 00:00:00,00:00:00,18.763,313,9.1751470231
454,2012-11-16 00:00:00,00:00:00,19.511,321,9.9231470231
455,2012-11-24 00:00:00,00:00:00,22.035,329,12.4471470231
456,2012-12-02 00:00:00,00:00:00,20.655,337,11.0671470231
457,2012-12-10 00:00:00,00:00:00,23.807,345,14.2191470231
458,2012-12-18 00:00:00,00:00:00,18.912,353,9.3241470231
459,2012-12-26 00:00:00,00:00:00,23.569,361,13.9811470231
460,2013-01-01 00:00:00,00:00:00,24.852,1,15.2641470231
461,2013-01-09 00:00:00,00:00:00,28.749,9,19.1611470231
462,2013-01-17 00:00:00,00:00:00,25.015,17,15.4271470231
463,2013-01-25 00:00:00,00:00:00,22.017,25,12.4291470231
464,2013-02-02 00:00:00,00:00:00,27.03,33,17.4421470231
465,2013-02-10 00:00:00,00:00:00,19.758,41,10.1701470231
466,2013-02-18 00:00:00,00:00:00,21.436,49,11.8481470231
467,2013-02-26 00:00:00,00:00:00,19.795,57,10.2071470231
468,2013-03-06 00:00:00,00:00:00,18.229,65,8.6411470231
469,2013-03-14 00:00:00,00:00:00,17.509,73,7.9211470231
470,2013-03-22 00:00:00,00:00:00,17.851,81,8.2631470231
471,2013-03-30 00:00:00,00:00:00,13.425,89,3.8371470231
472,2013-04-07 00:00:00,00:00:00,12.377,97,2.7891470231
473,2013-04-15 00:00:00,00:00:00,16.035,105,6.4471470231
474,2013-04-23 00:00:00,00:00:00,7.891,113,-1.6968529769
475,2013-05-01 00:00:00,00:00:00,5.332,121,-4.2558529769
476,2013-05-09 00:00:00,00:00:00,3.899,129,-5.6888529769
477,2013-05-17 00:00:00,00:00:00,2.945,137,-6.6428529769
478,2013-05-25 00:00:00,00:00:00,-0.38,145,-9.9678529769
479,2013-06-02 00:00:00,00:00:00,-0.71,153,-10.2978529769
480,2013-06-10 00:00:00,00:00:00,-0.26,161,-9.8478529769
481,2013-06-18 00:00:00,00:00:00,-9.703,169,-19.2908529769
482,2013-06-26 00:00:00,00:00:00,-7.591,177,-17.1788529769
483,2013-07-04 00:00:00,00:00:00,-7.029,185,-16.6168529769
484,2013-07-12 00:00:00,00:00:00,-1.643,193,-11.2308529769
485,2013-07-20 00:00:00,00:00:00,-6.11,201,-15.6978529769
486,2013-07-28 00:00:00,00:00:00,-6.718,209,-16.3058529769
487,2013-08-05 00:00:00,00:00:00,-8.931,217,-18.5188529769
488,2013-08-13 00:00:00,00:00:00,-2.658,225,-12.2458529769
489,2013-08-21 00:00:00,00:00:00,0.429,233,-9.1588529769
490,2013-08-29 00:00:00,00:00:00,3.697,241,-5.8908529769
491,2013-09-06 00:00:00,00:00:00,-0.978,249,-10.5658529769
492,2013-09-14 00:00:00,00:00:00,-0.445,257,-10.0328529769
493,2013-09-22 00:00:00,00:00:00,2.192,265,-7.3958529769
494,2013-09-30 00:00:00,00:00:00,8.509,273,-1.0788529769
495,2013-10-08 00:00:00,00:00:00,11.765,281,2.1771470231
496,2013-10-16 00:00:00,00:00:00,10.409,289,0.8211470231
497,2013-10-24 00:00:00,00:00:00,15.837,297,6.2491470231
498,2013-11-01 00:00:00,00:00:00,14.616,305,5.0281470231
499,2013-11-09 00:00:00,00:00:00,16.611,313,7.0231470231
500,2013-11-17 00:00:00,00:00:00,18.941,321,9.3531470231
501,2013-11-25 00:00:00,00:00:00,19.907,329,10.3191470231
502,2013-12-03 00:00:00,00:00:00,22.451,337,12.8631470231
503,2013-12-11 00:00:00,00:00:00,24.675,345,15.0871470231
504,2013-12-19 00:00:00,00:00:00,28.143,353,18.5551470231
505,2013-12-27 00:00:00,00:00:00,28.436,361,18.8481470231
506,2014-01-01 00:00:00,00:00:00,28.789,1,19.2011470231
507,2014-01-09 00:00:00,00:00:00,28.426,9,18.8381470231
508,2014-01-17 00:00:00,00:00:00,23.346,17,13.7581470231
509,2014-01-25 00:00:00,00:00:00,25.146,25,15.5581470231
510,2014-02-02 00:00:00,00:00:00,23.522,33,13.9341470231
511,2014-02-10 00:00:00,00:00:00,23.881,41,14.2931470231
512,2014-02-18 00:00:00,00:00:00,20.231,49,10.6431470231
513,2014-02-26 00:00:00,00:00:00,17.874,57,8.2861470231
514,2014-03-06 00:00:00,00:00:00,18.228,65,8.6401470231
515,2014-03-14 00:00:00,00:00:00,16.962,73,7.3741470231
516,2014-03-22 00:00:00,00:00:00,18.29,81,8.7021470231
517,2014-03-30 00:00:00,00:00:00,13.738,89,4.1501470231
518,2014-04-07 00:00:00,00:00:00,10.645,97,1.0571470231
519,2014-04-15 00:00:00,00:00:00,14.052,105,4.4641470231
520,2014-04-23 00:00:00,00:00:00,11.19,113,1.6021470231
521,2014-05-01 00:00:00,00:00:00,1.94,121,-7.6478529769
522,2014-05-09 00:00:00,00:00:00,1.732,129,-7.8558529769
523,2014-05-17 00:00:00,00:00:00,-5.685,137,-15.2728529769
524,2014-05-25 00:00:00,00:00:00,-1.951,145,-11.5388529769
525,2014-06-02 00:00:00,00:00:00,-11.418,153,-21.0058529769
526,2014-06-10 00:00:00,00:00:00,-6.5,161,-16.0878529769
527,2014-06-18 00:00:00,00:00:00,-3.877,169,-13.4648529769
528,2014-06-26 00:00:00,00:00:00,-6.331,177,-15.9188529769
529,2014-07-04 00:00:00,00:00:00,-5.377,185,-14.9648529769
530,2014-07-12 00:00:00,00:00:00,-3.059,193,-12.6468529769
531,2014-07-20 00:00:00,00:00:00,-6.502,201,-16.0898529769
532,2014-07-28 00:00:00,00:00:00,-5.021,209,-14.6088529769
533,2014-08-05 00:00:00,00:00:00,-2.619,217,-12.2068529769
534,2014-08-13 00:00:00,00:00:00,5.039,225,-4.5488529769
535,2014-08-21 00:00:00,00:00:00,2.113,233,-7.4748529769
536,2014-08-29 00:00:00,00:00:00,-11.862,241,-21.4498529769
537,2014-09-06 00:00:00,00:00:00,-1.337,249,-10.9248529769
538,2014-09-14 00:00:00,00:00:00,3.562,257,-6.0258529769
539,2014-09-22 00:00:00,00:00:00,7.457,265,-2.1308529769
540,2014-09-30 00:00:00,00:00:00,8.471,273,-1.1168529769
541,2014-10-08 00:00:00,00:00:00,10.027,281,0.4391470231
542,2014-10-16 00:00:00,00:00:00,16.854,289,7.2661470231
543,2014-10-24 00:00:00,00:00:00,17.671,297,8.0831470231
544,2014-11-01 00:00:00,00:00:00,18.451,305,8.8631470231
545,2014-11-09 00:00:00,00:00:00,22.892,313,13.3041470231
546,2014-11-17 00:00:00,00:00:00,21.391,321,11.8031470231
547,2014-11-25 00:00:00,00:00:00,20.86,329,11.2721470231
548,2014-12-03 00:00:00,00:00:00,25.777,337,16.1891470231
549,2014-12-11 00:00:00,00:00:00,22.419,345,12.8311470231
550,2014-12-19 00:00:00,00:00:00,24.86,353,15.2721470231
551,2014-12-27 00:00:00,00:00:00,24.443,361,14.8551470231
552,2015-01-01 00:00:00,00:00:00,25.206,1,15.6181470231
553,2015-01-09 00:00:00,00:00:00,27.32,9,17.7321470231
554,2015-01-17 00:00:00,00:00:00,28.409,17,18.8211470231
555,2015-01-25 00:00:00,00:00:00,27.566,25,17.9781470231
556,2015-02-02 00:00:00,00:00:00,27.559,33,17.9711470231
557,2015-02-10 00:00:00,00:00:00,25.04,41,15.4521470231
558,2015-02-18 00:00:00,00:00:00,18.778,49,9.1901470231
559,2015-02-26 00:00:00,00:00:00,19.402,57,9.8141470231
560,2015-03-06 00:00:00,00:00:00,25.177,65,15.5891470231
561,2015-03-14 00:00:00,00:00:00,22.908,73,13.3201470231
562,2015-03-22 00:00:00,00:00:00,15.428,81,5.8401470231
563,2015-03-30 00:00:00,00:00:00,14.929,89,5.3411470231
564,2015-04-07 00:00:00,00:00:00,15.276,97,5.6881470231
565,2015-04-15 00:00:00,00:00:00,11.757,105,2.1691470231
566,2015-04-23 00:00:00,00:00:00,13.733,113,4.1451470231
567,2015-05-01 00:00:00,00:00:00,8.253,121,-1.3348529769
568,2015-05-09 00:00:00,00:00:00,7.517,129,-2.0708529769
569,2015-05-17 00:00:00,00:00:00,6.836,137,-2.7518529769
570,2015-05-25 00:00:00,00:00:00,4.288,145,-5.2998529769
571,2015-06-02 00:00:00,00:00:00,2.42,153,-7.1678529769
572,2015-06-10 00:00:00,00:00:00,-0.879,161,-10.4668529769
573,2015-06-18 00:00:00,00:00:00,0.826,169,-8.7618529769
574,2015-06-26 00:00:00,00:00:00,3.146,177,-6.4418529769
575,2015-07-04 00:00:00,00:00:00,3.56,185,-6.0278529769
576,2015-07-12 00:00:00,00:00:00,-14.74,193,-24.3278529769
577,2015-07-20 00:00:00,00:00:00,-7.027,201,-16.6148529769
578,2015-07-28 00:00:00,00:00:00,-3.364,209,-12.9518529769
579,2015-08-05 00:00:00,00:00:00,-11.844,217,-21.4318529769
580,2015-08-13 00:00:00,00:00:00,-6.53,225,-16.1178529769
581,2015-08-21 00:00:00,00:00:00,-3.788,233,-13.3758529769
582,2015-08-29 00:00:00,00:00:00,3.292,241,-6.2958529769
583,2015-09-06 00:00:00,00:00:00,-2.739,249,-12.3268529769
584,2015-09-14 00:00:00,00:00:00,-0.995,257,-10.5828529769
585,2015-09-22 00:00:00,00:00:00,-0.861,265,-10.4488529769
586,2015-09-30 00:00:00,00:00:00,2.605,273,-6.9828529769
587,2015-10-08 00:00:00,00:00:00,0.342,281,-9.2458529769
588,2015-10-16 00:00:00,00:00:00,1.203,289,-8.3848529769
589,2015-10-24 00:00:00,00:00:00,7.108,297,-2.4798529769
590,2015-11-01 00:00:00,00:00:00,9.153,305,-0.4348529769
591,2015-11-09 00:00:00,00:00:00,11.073,313,1.4851470231
592,2015-11-17 00:00:00,00:00:00,11.623,321,2.0351470231
593,2015-11-25 00:00:00,00:00:00,11.796,329,2.2081470231
594,2015-12-03 00:00:00,00:00:00,15.092,337,5.5041470231
595,2015-12-11 00:00:00,00:00:00,16.299,345,6.7111470231
596,2015-12-19 00:00:00,00:00:00,20.273,353,10.6851470231
597,2015-12-27 00:00:00,00:00:00,23.464,361,13.8761470231
598,2016-01-01 00:00:00,00:00:00,21.99,1,12.4021470231
599,2016-01-09 00:00:00,00:00:00,24.028,9,14.4401470231
600,2016-01-17 00:00:00,00:00:00,27.868,17,18.2801470231
601,2016-01-25 00:00:00,00:00:00,23.395,25,13.8071470231
602,2016-02-02 00:00:00,00:00:00,22.929,33,13.3411470231
603,2016-02-10 00:00:00,00:00:00,24.698,41,15.1101470231
604,2016-02-18 00:00:00,00:00:00,,49,
605,2016-02-26 00:00:00,00:00:00,23.562,57,13.9741470231
606,2016-03-05 00:00:00,00:00:00,20.063,65,10.4751470231
607,2016-03-13 00:00:00,00:00:00,20.719,73,11.1311470231
608,2016-03-21 00:00:00,00:00:00,18.248,81,8.6601470231
609,2016-03-29 00:00:00,00:00:00,15.188,89,5.6001470231
610,2016-04-06 00:00:00,00:00:00,8.9,97,-0.6878529769
611,2016-04-14 00:00:00,00:00:00,1.693,105,-7.8948529769
612,2016-04-22 00:00:00,00:00:00,2.992,113,-6.5958529769
613,2016-04-30 00:00:00,00:00:00,2.705,121,-6.8828529769
614,2016-05-08 00:00:00,00:00:00,-3.034,129,-12.6218529769
615,2016-05-16 00:00:00,00:00:00,-5.639,137,-15.2268529769
616,2016-05-24 00:00:00,00:00:00,-10.632,145,-20.2198529769
617,2016-06-01 00:00:00,00:00:00,-11.862,153,-21.4498529769
618,2016-06-09 00:00:00,00:00:00,-6.617,161,-16.2048529769
619,2016-06-17 00:00:00,00:00:00,-8.17,169,-17.7578529769
620,2016-06-25 00:00:00,00:00:00,-4.332,177,-13.9198529769
621,2016-07-03 00:00:00,00:00:00,-7.403,185,-16.9908529769
622,2016-07-11 00:00:00,00:00:00,-12.286,193,-21.8738529769
623,2016-07-19 00:00:00,00:00:00,-6.219,201,-15.8068529769
624,2016-07-27 00:00:00,00:00:00,-6.73,209,-16.3178529769
625,2016-08-04 00:00:00,00:00:00,-3.543,217,-13.1308529769
626,2016-08-12 00:00:00,00:00:00,-2.539,225,-12.1268529769
627,2016-08-20 00:00:00,00:00:00,2.562,233,-7.0258529769
628,2016-08-28 00:00:00,00:00:00,-1.899,241,-11.4868529769
629,2016-09-05 00:00:00,00:00:00,4.428,249,-5.1598529769
630,2016-09-13 00:00:00,00:00:00,7.258,257,-2.3298529769
631,2016-09-21 00:00:00,00:00:00,12.841,265,3.2531470231
632,2016-09-29 00:00:00,00:00:00,11.942,273,2.3541470231
633,2016-10-07 00:00:00,00:00:00,9.693,281,0.1051470231
634,2016-10-15 00:00:00,00:00:00,4.99,289,-4.5978529769
635,2016-10-23 00:00:00,00:00:00,14.372,297,4.7841470231
636,2016-10-31 00:00:00,00:00:00,17.346,305,7.7581470231
637,2016-11-08 00:00:00,00:00:00,18.217,313,8.6291470231
638,2016-11-16 00:00:00,00:00:00,17.643,321,8.0551470231
639,2016-11-24 00:00:00,00:00:00,16.143,329,6.5551470231
640,2016-12-02 00:00:00,00:00:00,19.26,337,9.6721470231
641,2016-12-10 00:00:00,00:00:00,20.257,345,10.6691470231
642,2016-12-18 00:00:00,00:00:00,22.981,353,13.3931470231
643,2016-12-26 00:00:00,00:00:00,23.375,361,13.7871470231
644,2017-01-01 00:00:00,00:00:00,25.697,1,16.1091470231
645,2017-01-09 00:00:00,00:00:00,27.065,9,17.4771470231
646,2017-01-17 00:00:00,00:00:00,28.418,17,18.8301470231
647,2017-01-25 00:00:00,00:00:00,27.784,25,18.1961470231
648,2017-02-02 00:00:00,00:00:00,22.65,33,13.0621470231
649,2017-02-10 00:00:00,00:00:00,21.494,41,11.9061470231
650,2017-02-18 00:00:00,00:00:00,25.012,49,15.4241470231
651,2017-02-26 00:00:00,00:00:00,17.809,57,8.2211470231
652,2017-03-06 00:00:00,00:00:00,19.223,65,9.6351470231
653,2017-03-14 00:00:00,00:00:00,16.072,73,6.4841470231
654,2017-03-22 00:00:00,00:00:00,16.503,81,6.9151470231
655,2017-03-30 00:00:00,00:00:00,13.729,89,4.1411470231
656,2017-04-07 00:00:00,00:00:00,12.416,97,2.8281470231
657,2017-04-15 00:00:00,00:00:00,9.026,105,-0.5618529769
658,2017-04-23 00:00:00,00:00:00,6.037,113,-3.5508529769
659,2017-05-01 00:00:00,00:00:00,2.055,121,-7.5328529769
660,2017-05-09 00:00:00,00:00:00,-3.863,129,-13.4508529769
661,2017-05-17 00:00:00,00:00:00,-9.761,137,-19.3488529769
662,2017-05-25 00:00:00,00:00:00,-7.5,145,-17.0878529769
663,2017-06-02 00:00:00,00:00:00,-6.784,153,-16.3718529769
664,2017-06-10 00:00:00,00:00:00,-5.658,161,-15.2458529769
665,2017-06-18 00:00:00,00:00:00,-14.283,169,-23.8708529769
666,2017-06-26 00:00:00,00:00:00,-5.237,177,-14.8248529769
667,2017-07-04 00:00:00,00:00:00,-5.26,185,-14.8478529769
668,2017-07-12 00:00:00,00:00:00,-6.853,193,-16.4408529769
669,2017-07-20 00:00:00,00:00:00,-2.4,201,-11.9878529769
670,2017-07-28 00:00:00,00:00:00,-1.553,209,-11.1408529769
671,2017-08-05 00:00:00,00:00:00,-11.99,217,-21.5778529769
672,2017-08-12 00:00:00,00:00:00,-6.419,225,-16.0068529769
673,2017-08-21 00:00:00,00:00:00,-1.713,233,-11.3008529769
674,2017-08-29 00:00:00,00:00:00,2.129,241,-7.4588529769
675,2017-09-06 00:00:00,00:00:00,0.081,249,-9.5068529769
676,2017-09-14 00:00:00,00:00:00,8.46,257,-1.1278529769
677,2017-09-22 00:00:00,00:00:00,11.917,265,2.3291470231
678,2017-09-30 00:00:00,00:00:00,4.067,273,-5.5208529769
679,2017-10-08 00:00:00,00:00:00,8.382,281,-1.2058529769
680,2017-10-16 00:00:00,00:00:00,13.139,289,3.5511470231
681,2017-10-24 00:00:00,00:00:00,12.739,297,3.1511470231
682,2017-11-01 00:00:00,00:00:00,8.939,305,-0.6488529769
683,2017-11-09 00:00:00,00:00:00,18.425,313,8.8371470231
684,2017-11-17 00:00:00,00:00:00,19.116,321,9.5281470231
685,2017-11-25 00:00:00,00:00:00,21.662,329,12.0741470231
686,2017-12-03 00:00:00,00:00:00,23.596,337,14.0081470231
687,2017-12-11 00:00:00,00:00:00,27.177,345,17.5891470231
688,2017-12-19 00:00:00,00:00:00,26.705,353,17.1171470231
689,2017-12-27 00:00:00,00:00:00,25.7,361,16.1121470231
690,2018-01-01 00:00:00,00:00:00,24.308,1,14.7201470231
691,2018-01-09 00:00:00,00:00:00,25.092,9,15.5041470231
692,2018-01-17 00:00:00,00:00:00,23.976,17,14.3881470231
693,2018-01-25 00:00:00,00:00:00,26.228,25,16.6401470231
694,2018-02-02 00:00:00,00:00:00,27.197,33,17.6091470231
695,2018-02-10 00:00:00,00:00:00,26.582,41,16.9941470231
696,2018-02-18 00:00:00,00:00:00,22.81,49,13.2221470231
697,2018-02-26 00:00:00,00:00:00,20.554,57,10.9661470231
698,2018-03-06 00:00:00,00:00:00,20.597,65,11.0091470231
699,2018-03-14 00:00:00,00:00:00,18.517,73,8.9291470231
700,2018-03-22 00:00:00,00:00:00,18.487,81,8.8991470231
701,2018-03-30 00:00:00,00:00:00,17.488,89,7.9001470231
702,2018-04-07 00:00:00,00:00:00,14.404,97,4.8161470231
703,2018-04-15 00:00:00,00:00:00,15.546,105,5.9581470231
704,2018-04-23 00:00:00,00:00:00,12.251,113,2.6631470231
705,2018-05-01 00:00:00,00:00:00,9.295,121,-0.2928529769
706,2018-05-09 00:00:00,00:00:00,4.529,129,-5.0588529769
707,2018-05-17 00:00:00,00:00:00,3.683,137,-5.9048529769
708,2018-05-25 00:00:00,00:00:00,5.795,145,-3.7928529769
709,2018-06-02 00:00:00,00:00:00,-7.987,153,-17.5748529769
710,2018-06-10 00:00:00,00:00:00,-6.13,161,-15.7178529769
711,2018-06-18 00:00:00,00:00:00,-1.366,169,-10.9538529769
712,2018-06-26 00:00:00,00:00:00,-6.578,177,-16.1658529769
713,2018-07-04 00:00:00,00:00:00,-6.224,185,-15.8118529769
714,2018-07-12 00:00:00,00:00:00,-4.418,193,-14.0058529769
715,2018-07-20 00:00:00,00:00:00,-6.888,201,-16.4758529769
716,2018-07-28 00:00:00,00:00:00,-7.243,209,-16.8308529769
717,2018-08-05 00:00:00,00:00:00,-4.074,217,-13.6618529769
718,2018-08-13 00:00:00,00:00:00,-0.107,225,-9.6948529769
719,2018-08-21 00:00:00,00:00:00,2.773,233,-6.8148529769
720,2018-08-29 00:00:00,00:00:00,5.525,241,-4.0628529769
721,2018-09-06 00:00:00,00:00:00,9.832,249,0.2441470231
722,2018-09-14 00:00:00,00:00:00,7.9,257,-1.6878529769
723,2018-09-22 00:00:00,00:00:00,4.724,265,-4.8638529769
724,2018-09-30 00:00:00,00:00:00,6.011,273,-3.5768529769
725,2018-10-08 00:00:00,00:00:00,6.673,281,-2.9148529769
726,2018-10-16 00:00:00,00:00:00,10.549,289,0.9611470231
727,2018-10-24 00:00:00,00:00:00,10.036,297,0.4481470231
728,2018-11-01 00:00:00,00:00:00,16.843,305,7.2551470231
729,2018-11-09 00:00:00,00:00:00,15.625,313,6.0371470231
730,2018-11-17 00:00:00,00:00:00,20.308,321,10.7201470231
731,2018-11-25 00:00:00,00:00:00,18.37,329,8.7821470231
732,2018-12-03 00:00:00,00:00:00,16.564,337,6.9761470231
733,2018-12-11 00:00:00,00:00:00,20.816,345,11.2281470231
734,2018-12-19 00:00:00,00:00:00,24.355,353,14.7671470231
735,2018-12-27 00:00:00,00:00:00,25.636,361,16.0481470231
736,2019-01-01 00:00:00,00:00:00,25.84,1,16.2521470231
737,2019-01-09 00:00:00,00:00:00,21.138,9,11.5501470231
738,2019-01-17 00:00:00,00:00:00,27.744,17,18.1561470231
739,2019-01-25 00:00:00,00:00:00,28.736,25,19.1481470231
740,2019-02-02 00:00:00,00:00:00,28.359,33,18.7711470231
741,2019-02-10 00:00:00,00:00:00,25.186,41,15.5981470231
742,2019-02-18 00:00:00,00:00:00,24.111,49,14.5231470231
743,2019-02-26 00:00:00,00:00:00,21.842,57,12.2541470231
744,2019-03-06 00:00:00,00:00:00,20.608,65,11.0201470231
745,2019-03-14 00:00:00,00:00:00,18.486,73,8.8981470231
746,2019-03-22 00:00:00,00:00:00,19.455,81,9.8671470231
747,2019-03-30 00:00:00,00:00:00,17.049,89,7.4611470231
748,2019-04-07 00:00:00,00:00:00,16.909,97,7.3211470231
749,2019-04-15 00:00:00,00:00:00,13.092,105,3.5041470231
750,2019-04-23 00:00:00,00:00:00,10.53,113,0.9421470231
751,2019-05-01 00:00:00,00:00:00,6.174,121,-3.4138529769
752,2019-05-09 00:00:00,00:00:00,8.453,129,-1.1348529769
753,2019-05-17 00:00:00,00:00:00,4.105,137,-5.4828529769
754,2019-05-25 00:00:00,00:00:00,1.514,145,-8.0738529769
755,2019-06-02 00:00:00,00:00:00,0.992,153,-8.5958529769
756,2019-06-10 00:00:00,00:00:00,-5.338,161,-14.9258529769
757,2019-06-18 00:00:00,00:00:00,-4.341,169,-13.9288529769
758,2019-06-26 00:00:00,00:00:00,-7.741,177,-17.3288529769
759,2019-07-04 00:00:00,00:00:00,-4.01,185,-13.5978529769
760,2019-07-12 00:00:00,00:00:00,-3.739,193,-13.3268529769
761,2019-07-20 00:00:00,00:00:00,-8.495,201,-18.0828529769
762,2019-07-28 00:00:00,00:00:00,-1.346,209,-10.9338529769
763,2019-08-05 00:00:00,00:00:00,-1.305,217,-10.8928529769
764,2019-08-13 00:00:00,00:00:00,1.662,225,-7.9258529769
765,2019-08-21 00:00:00,00:00:00,-1.916,233,-11.5038529769
766,2019-08-29 00:00:00,00:00:00,3.521,241,-6.0668529769
767,2019-09-06 00:00:00,00:00:00,-1.175,249,-10.7628529769
768,2019-09-14 00:00:00,00:00:00,7.331,257,-2.2568529769
769,2019-09-22 00:00:00,00:00:00,13.945,265,4.3571470231
770,2019-09-30 00:00:00,00:00:00,8.979,273,-0.6088529769
771,2019-10-08 00:00:00,00:00:00,12.672,281,3.0841470231
772,2019-10-16 00:00:00,00:00:00,15.096,289,5.5081470231
773,2019-10-24 00:00:00,00:00:00,14.091,297,4.5031470231
774,2019-11-01 00:00:00,00:00:00,22.051,305,12.4631470231
775,2019-11-09 00:00:00,00:00:00,23.7,313,14.1121470231
776,2019-11-17 00:00:00,00:00:00,26.362,321,16.7741470231
777,2019-11-25 00:00:00,00:00:00,25.035,329,15.4471470231
778,2019-12-03 00:00:00,00:00:00,25.455,337,15.8671470231
779,2019-12-11 00:00:00,00:00:00,25.853,345,16.2651470231
780,2019-12-19 00:00:00,00:00:00,27.951,353,18.3631470231
781,2019-12-27 00:00:00,00:00:00,30.02,361,20.4321470231
782,2020-01-01 00:00:00,00:00:00,28.198,1,18.6101470231
783,2020-01-09 00:00:00,00:00:00,28.501,9,18.9131470231
784,2020-01-17 00:00:00,00:00:00,29.511,17,19.9231470231
785,2020-01-25 00:00:00,00:00:00,27.602,25,18.0141470231
786,2020-02-02 00:00:00,00:00:00,25.068,33,15.4801470231
787,2020-02-10 00:00:00,00:00:00,25.464,41,15.8761470231
788,2020-02-18 00:00:00,00:00:00,25.682,49,16.0941470231
789,2020-02-26 00:00:00,00:00:00,25.128,57,15.5401470231
790,2020-03-05 00:00:00,00:00:00,25.213,65,15.6251470231
791,2020-03-13 00:00:00,00:00:00,20.936,73,11.3481470231
792,2020-03-21 00:00:00,00:00:00,18.617,81,9.0291470231
793,2020-03-29 00:00:00,00:00:00,18.199,89,8.6111470231
794,2020-04-06 00:00:00,00:00:00,14.254,97,4.6661470231
795,2020-04-14 00:00:00,00:00:00,12.958,105,3.3701470231
796,2020-04-22 00:00:00,00:00:00,8.547,113,-1.0408529769
797,2020-04-30 00:00:00,00:00:00,11.462,121,1.8741470231
798,2020-05-08 00:00:00,00:00:00,9.414,129,-0.1738529769
799,2020-05-16 00:00:00,00:00:00,9.908,137,0.3201470231
800,2020-05-24 00:00:00,00:00:00,6.967,145,-2.6208529769
801,2020-06-01 00:00:00,00:00:00,1.434,153,-8.1538529769
802,2020-06-09 00:00:00,00:00:00,-2.35,161,-11.9378529769
803,2020-06-17 00:00:00,00:00:00,-21.65,169,-31.2378529769
804,2020-06-25 00:00:00,00:00:00,-12.407,177,-21.9948529769
805,2020-07-03 00:00:00,00:00:00,-13.949,185,-23.5368529769
806,2020-07-11 00:00:00,00:00:00,-5.754,193,-15.3418529769
807,2020-07-19 00:00:00,00:00:00,-11.165,201,-20.7528529769
808,2020-07-27 00:00:00,00:00:00,-5.366,209,-14.9538529769
809,2020-08-04 00:00:00,00:00:00,-1.504,217,-11.0918529769
810,2020-08-12 00:00:00,00:00:00,-4.653,225,-14.2408529769
811,2020-08-20 00:00:00,00:00:00,-2.666,233,-12.2538529769
812,2020-08-28 00:00:00,00:00:00,-0.048,241,-9.6358529769
813,2020-09-05 00:00:00,00:00:00,2.017,249,-7.5708529769
814,2020-09-13 00:00:00,00:00:00,8.301,257,-1.2868529769
815,2020-09-21 00:00:00,00:00:00,8.995,265,-0.5928529769
816,2020-09-29 00:00:00,00:00:00,6.699,273,-2.8888529769
817,2020-10-07 00:00:00,00:00:00,14.587,281,4.9991470231
818,2020-10-15 00:00:00,00:00:00,18.06,289,8.4721470231
819,2020-10-23 00:00:00,00:00:00,17.074,297,7.4861470231
820,2020-10-31 00:00:00,00:00:00,20.93,305,11.3421470231
821,2020-11-08 00:00:00,00:00:00,21.572,313,11.9841470231
822,2020-11-16 00:00:00,00:00:00,19.398,321,9.8101470231
823,2020-11-24 00:00:00,00:00:00,24.205,329,14.6171470231
